product_id,forecast_date,predicted_demand,model_name,created_at
33627,2025-12-21,14,baseline,2025-12-20 07:23:56.926255
33627,2025-12-22,21,baseline,2025-12-20 07:23:56.926261
33627,2025-12-23,24,baseline,2025-12-20 07:23:56.926264
33627,2025-12-24,46,baseline,2025-12-20 07:23:56.926267
33627,2025-12-25,50,baseline,2025-12-20 07:23:56.926270
33627,2025-12-26,24,baseline,2025-12-20 07:23:56.926275
33627,2025-12-27,9,baseline,2025-12-20 07:23:56.926278
18193,2025-12-21,21,baseline,2025-12-20 07:23:56.926288
18193,2025-12-22,34,baseline,2025-12-20 07:23:56.926292
18193,2025-12-23,39,baseline,2025-12-20 07:23:56.926296
18193,2025-12-24,42,baseline,2025-12-20 07:23:56.926298
18193,2025-12-25,15,baseline,2025-12-20 07:23:56.926301
18193,2025-12-26,9,baseline,2025-12-20 07:23:56.926304
18193,2025-12-27,22,baseline,2025-12-20 07:23:56.926306
47100,2025-12-21,38,baseline,2025-12-20 07:23:56.926310
47100,2025-12-22,19,baseline,2025-12-20 07:23:56.926312
47100,2025-12-23,29,baseline,2025-12-20 07:23:56.926314
47100,2025-12-24,43,baseline,2025-12-20 07:23:56.926317
47100,2025-12-25,43,baseline,2025-12-20 07:23:56.926320
47100,2025-12-26,17,baseline,2025-12-20 07:23:56.926322
47100,2025-12-27,50,baseline,2025-12-20 07:23:56.926325
48184,2025-12-21,45,baseline,2025-12-20 07:23:56.926327
48184,2025-12-22,47,baseline,2025-12-20 07:23:56.926330
48184,2025-12-23,15,baseline,2025-12-20 07:23:56.926333
48184,2025-12-24,8,baseline,2025-12-20 07:23:56.926335
48184,2025-12-25,36,baseline,2025-12-20 07:23:56.926338
48184,2025-12-26,34,baseline,2025-12-20 07:23:56.926340
48184,2025-12-27,19,baseline,2025-12-20 07:23:56.926343
22198,2025-12-21,50,baseline,2025-12-20 07:23:56.926346
22198,2025-12-22,40,baseline,2025-12-20 07:23:56.926350
22198,2025-12-23,6,baseline,2025-12-20 07:23:56.926353
22198,2025-12-24,43,baseline,2025-12-20 07:23:56.926355
22198,2025-12-25,29,baseline,2025-12-20 07:23:56.926358
22198,2025-12-26,18,baseline,2025-12-20 07:23:56.926361
22198,2025-12-27,6,baseline,2025-12-20 07:23:56.926363
31574,2025-12-21,42,baseline,2025-12-20 07:23:56.926366
31574,2025-12-22,30,baseline,2025-12-20 07:23:56.926369
31574,2025-12-23,28,baseline,2025-12-20 07:23:56.926372
31574,2025-12-24,37,baseline,2025-12-20 07:23:56.926374
31574,2025-12-25,37,baseline,2025-12-20 07:23:56.926376
31574,2025-12-26,47,baseline,2025-12-20 07:23:56.926379
31574,2025-12-27,15,baseline,2025-12-20 07:23:56.926383
45363,2025-12-21,31,baseline,2025-12-20 07:23:56.926386
45363,2025-12-22,16,baseline,2025-12-20 07:23:56.926388
45363,2025-12-23,42,baseline,2025-12-20 07:23:56.926391
45363,2025-12-24,50,baseline,2025-12-20 07:23:56.926393
45363,2025-12-25,22,baseline,2025-12-20 07:23:56.926396
45363,2025-12-26,23,baseline,2025-12-20 07:23:56.926398
45363,2025-12-27,26,baseline,2025-12-20 07:23:56.926401
14132,2025-12-21,27,baseline,2025-12-20 07:23:56.926404
14132,2025-12-22,8,baseline,2025-12-20 07:23:56.926407
14132,2025-12-23,37,baseline,2025-12-20 07:23:56.926410
14132,2025-12-24,36,baseline,2025-12-20 07:23:56.926412
14132,2025-12-25,30,baseline,2025-12-20 07:23:56.926417
14132,2025-12-26,18,baseline,2025-12-20 07:23:56.926419
14132,2025-12-27,25,baseline,2025-12-20 07:23:56.926422
26904,2025-12-21,50,baseline,2025-12-20 07:23:56.926425
26904,2025-12-22,40,baseline,2025-12-20 07:23:56.926428
26904,2025-12-23,15,baseline,2025-12-20 07:23:56.926430
26904,2025-12-24,30,baseline,2025-12-20 07:23:56.926433
26904,2025-12-25,19,baseline,2025-12-20 07:23:56.926436
26904,2025-12-26,5,baseline,2025-12-20 07:23:56.926438
26904,2025-12-27,42,baseline,2025-12-20 07:23:56.926441
39418,2025-12-21,9,baseline,2025-12-20 07:23:56.926444
39418,2025-12-22,45,baseline,2025-12-20 07:23:56.926447
39418,2025-12-23,35,baseline,2025-12-20 07:23:56.926450
39418,2025-12-24,41,baseline,2025-12-20 07:23:56.926453
39418,2025-12-25,47,baseline,2025-12-20 07:23:56.926455
39418,2025-12-26,32,baseline,2025-12-20 07:23:56.926458
39418,2025-12-27,43,baseline,2025-12-20 07:23:56.926461
28086,2025-12-21,41,baseline,2025-12-20 07:23:56.926464
28086,2025-12-22,31,baseline,2025-12-20 07:23:56.926467
28086,2025-12-23,50,baseline,2025-12-20 07:23:56.926469
28086,2025-12-24,40,baseline,2025-12-20 07:23:56.926472
28086,2025-12-25,25,baseline,2025-12-20 07:23:56.926475
28086,2025-12-26,13,baseline,2025-12-20 07:23:56.926477
28086,2025-12-27,15,baseline,2025-12-20 07:23:56.926479
200,2025-12-21,29,baseline,2025-12-20 07:23:56.926483
200,2025-12-22,13,baseline,2025-12-20 07:23:56.926486
200,2025-12-23,50,baseline,2025-12-20 07:23:56.926488
200,2025-12-24,41,baseline,2025-12-20 07:23:56.926490
200,2025-12-25,29,baseline,2025-12-20 07:23:56.926493
200,2025-12-26,50,baseline,2025-12-20 07:23:56.926495
200,2025-12-27,8,baseline,2025-12-20 07:23:56.926497
36124,2025-12-21,30,baseline,2025-12-20 07:23:56.926500
36124,2025-12-22,17,baseline,2025-12-20 07:23:56.926503
36124,2025-12-23,9,baseline,2025-12-20 07:23:56.926505
36124,2025-12-24,31,baseline,2025-12-20 07:23:56.926508
36124,2025-12-25,30,baseline,2025-12-20 07:23:56.926510
36124,2025-12-26,16,baseline,2025-12-20 07:23:56.926513
36124,2025-12-27,44,baseline,2025-12-20 07:23:56.926515
21936,2025-12-21,10,baseline,2025-12-20 07:23:56.926518
21936,2025-12-22,14,baseline,2025-12-20 07:23:56.926520
21936,2025-12-23,35,baseline,2025-12-20 07:23:56.926523
21936,2025-12-24,20,baseline,2025-12-20 07:23:56.926525
21936,2025-12-25,46,baseline,2025-12-20 07:23:56.926528
21936,2025-12-26,17,baseline,2025-12-20 07:23:56.926530
21936,2025-12-27,14,baseline,2025-12-20 07:23:56.926533
15135,2025-12-21,12,baseline,2025-12-20 07:23:56.926536
15135,2025-12-22,41,baseline,2025-12-20 07:23:56.926538
15135,2025-12-23,42,baseline,2025-12-20 07:23:56.926541
15135,2025-12-24,23,baseline,2025-12-20 07:23:56.926543
15135,2025-12-25,42,baseline,2025-12-20 07:23:56.926545
15135,2025-12-26,47,baseline,2025-12-20 07:23:56.926549
15135,2025-12-27,23,baseline,2025-12-20 07:23:56.926551
44563,2025-12-21,11,baseline,2025-12-20 07:23:56.926554
44563,2025-12-22,7,baseline,2025-12-20 07:23:56.926557
44563,2025-12-23,43,baseline,2025-12-20 07:23:56.926559
44563,2025-12-24,5,baseline,2025-12-20 07:23:56.926562
44563,2025-12-25,17,baseline,2025-12-20 07:23:56.926565
44563,2025-12-26,23,baseline,2025-12-20 07:23:56.926568
44563,2025-12-27,45,baseline,2025-12-20 07:23:56.926571
38122,2025-12-21,40,baseline,2025-12-20 07:23:56.926574
38122,2025-12-22,47,baseline,2025-12-20 07:23:56.926577
38122,2025-12-23,8,baseline,2025-12-20 07:23:56.926579
38122,2025-12-24,37,baseline,2025-12-20 07:23:56.926582
38122,2025-12-25,30,baseline,2025-12-20 07:23:56.926584
38122,2025-12-26,28,baseline,2025-12-20 07:23:56.926587
38122,2025-12-27,29,baseline,2025-12-20 07:23:56.926589
28397,2025-12-21,37,baseline,2025-12-20 07:23:56.926592
28397,2025-12-22,20,baseline,2025-12-20 07:23:56.926595
28397,2025-12-23,24,baseline,2025-12-20 07:23:56.926597
28397,2025-12-24,26,baseline,2025-12-20 07:23:56.926600
28397,2025-12-25,38,baseline,2025-12-20 07:23:56.926603
28397,2025-12-26,21,baseline,2025-12-20 07:23:56.926605
28397,2025-12-27,17,baseline,2025-12-20 07:23:56.926608
34375,2025-12-21,16,baseline,2025-12-20 07:23:56.926612
34375,2025-12-22,10,baseline,2025-12-20 07:23:56.926615
34375,2025-12-23,5,baseline,2025-12-20 07:23:56.926617
34375,2025-12-24,14,baseline,2025-12-20 07:23:56.926623
34375,2025-12-25,22,baseline,2025-12-20 07:23:56.926626
34375,2025-12-26,14,baseline,2025-12-20 07:23:56.926628
34375,2025-12-27,42,baseline,2025-12-20 07:23:56.926631
32359,2025-12-21,15,baseline,2025-12-20 07:23:56.926634
32359,2025-12-22,46,baseline,2025-12-20 07:23:56.926637
32359,2025-12-23,16,baseline,2025-12-20 07:23:56.926640
32359,2025-12-24,25,baseline,2025-12-20 07:23:56.926642
32359,2025-12-25,17,baseline,2025-12-20 07:23:56.926645
32359,2025-12-26,13,baseline,2025-12-20 07:23:56.926647
32359,2025-12-27,46,baseline,2025-12-20 07:23:56.926650
18238,2025-12-21,14,baseline,2025-12-20 07:23:56.926653
18238,2025-12-22,44,baseline,2025-12-20 07:23:56.926656
18238,2025-12-23,37,baseline,2025-12-20 07:23:56.926659
18238,2025-12-24,40,baseline,2025-12-20 07:23:56.926661
18238,2025-12-25,43,baseline,2025-12-20 07:23:56.926664
18238,2025-12-26,12,baseline,2025-12-20 07:23:56.926667
18238,2025-12-27,16,baseline,2025-12-20 07:23:56.926669
29286,2025-12-21,6,baseline,2025-12-20 07:23:56.926672
29286,2025-12-22,20,baseline,2025-12-20 07:23:56.926675
29286,2025-12-23,32,baseline,2025-12-20 07:23:56.926678
29286,2025-12-24,7,baseline,2025-12-20 07:23:56.926681
29286,2025-12-25,27,baseline,2025-12-20 07:23:56.926683
29286,2025-12-26,8,baseline,2025-12-20 07:23:56.926686
29286,2025-12-27,9,baseline,2025-12-20 07:23:56.926689
38841,2025-12-21,18,baseline,2025-12-20 07:23:56.926692
38841,2025-12-22,10,baseline,2025-12-20 07:23:56.926695
38841,2025-12-23,22,baseline,2025-12-20 07:23:56.926697
38841,2025-12-24,49,baseline,2025-12-20 07:23:56.926700
38841,2025-12-25,33,baseline,2025-12-20 07:23:56.926702
38841,2025-12-26,19,baseline,2025-12-20 07:23:56.926705
38841,2025-12-27,11,baseline,2025-12-20 07:23:56.926707
24179,2025-12-21,23,baseline,2025-12-20 07:23:56.926711
24179,2025-12-22,40,baseline,2025-12-20 07:23:56.926715
24179,2025-12-23,6,baseline,2025-12-20 07:23:56.926717
24179,2025-12-24,42,baseline,2025-12-20 07:23:56.926720
24179,2025-12-25,15,baseline,2025-12-20 07:23:56.926722
24179,2025-12-26,41,baseline,2025-12-20 07:23:56.926725
24179,2025-12-27,11,baseline,2025-12-20 07:23:56.926728
34572,2025-12-21,12,baseline,2025-12-20 07:23:56.926731
34572,2025-12-22,31,baseline,2025-12-20 07:23:56.926733
34572,2025-12-23,10,baseline,2025-12-20 07:23:56.926736
34572,2025-12-24,48,baseline,2025-12-20 07:23:56.926738
34572,2025-12-25,47,baseline,2025-12-20 07:23:56.926741
34572,2025-12-26,20,baseline,2025-12-20 07:23:56.926745
34572,2025-12-27,11,baseline,2025-12-20 07:23:56.926747
26966,2025-12-21,9,baseline,2025-12-20 07:23:56.926751
26966,2025-12-22,19,baseline,2025-12-20 07:23:56.926753
26966,2025-12-23,34,baseline,2025-12-20 07:23:56.926756
26966,2025-12-24,5,baseline,2025-12-20 07:23:56.926759
26966,2025-12-25,14,baseline,2025-12-20 07:23:56.926761
26966,2025-12-26,12,baseline,2025-12-20 07:23:56.926764
26966,2025-12-27,27,baseline,2025-12-20 07:23:56.926767
148,2025-12-21,9,baseline,2025-12-20 07:23:56.926770
148,2025-12-22,31,baseline,2025-12-20 07:23:56.926772
148,2025-12-23,12,baseline,2025-12-20 07:23:56.926775
148,2025-12-24,40,baseline,2025-12-20 07:23:56.926778
148,2025-12-25,36,baseline,2025-12-20 07:23:56.926780
148,2025-12-26,34,baseline,2025-12-20 07:23:56.926783
148,2025-12-27,9,baseline,2025-12-20 07:23:56.926785
44666,2025-12-21,15,baseline,2025-12-20 07:23:56.926788
44666,2025-12-22,22,baseline,2025-12-20 07:23:56.926791
44666,2025-12-23,30,baseline,2025-12-20 07:23:56.926794
44666,2025-12-24,26,baseline,2025-12-20 07:23:56.926796
44666,2025-12-25,36,baseline,2025-12-20 07:23:56.926799
44666,2025-12-26,41,baseline,2025-12-20 07:23:56.926802
44666,2025-12-27,33,baseline,2025-12-20 07:23:56.926805
8640,2025-12-21,8,baseline,2025-12-20 07:23:56.926808
8640,2025-12-22,16,baseline,2025-12-20 07:23:56.926811
8640,2025-12-23,42,baseline,2025-12-20 07:23:56.926813
8640,2025-12-24,45,baseline,2025-12-20 07:23:56.926816
8640,2025-12-25,42,baseline,2025-12-20 07:23:56.926818
8640,2025-12-26,28,baseline,2025-12-20 07:23:56.926822
8640,2025-12-27,11,baseline,2025-12-20 07:23:56.926825
32056,2025-12-21,10,baseline,2025-12-20 07:23:56.926828
32056,2025-12-22,6,baseline,2025-12-20 07:23:56.926831
32056,2025-12-23,49,baseline,2025-12-20 07:23:56.926833
32056,2025-12-24,32,baseline,2025-12-20 07:23:56.926836
32056,2025-12-25,43,baseline,2025-12-20 07:23:56.926838
32056,2025-12-26,21,baseline,2025-12-20 07:23:56.926841
32056,2025-12-27,38,baseline,2025-12-20 07:23:56.926843
43237,2025-12-21,8,baseline,2025-12-20 07:23:56.926847
43237,2025-12-22,5,baseline,2025-12-20 07:23:56.926849
43237,2025-12-23,8,baseline,2025-12-20 07:23:56.926852
43237,2025-12-24,18,baseline,2025-12-20 07:23:56.926854
43237,2025-12-25,13,baseline,2025-12-20 07:23:56.926857
43237,2025-12-26,26,baseline,2025-12-20 07:23:56.926859
43237,2025-12-27,6,baseline,2025-12-20 07:23:56.926862
41511,2025-12-21,30,baseline,2025-12-20 07:23:56.926865
41511,2025-12-22,13,baseline,2025-12-20 07:23:56.926868
41511,2025-12-23,20,baseline,2025-12-20 07:23:56.926870
41511,2025-12-24,32,baseline,2025-12-20 07:23:56.926873
41511,2025-12-25,28,baseline,2025-12-20 07:23:56.926875
41511,2025-12-26,25,baseline,2025-12-20 07:23:56.926878
41511,2025-12-27,43,baseline,2025-12-20 07:23:56.926880
37343,2025-12-21,43,baseline,2025-12-20 07:23:56.926883
37343,2025-12-22,17,baseline,2025-12-20 07:23:56.926887
37343,2025-12-23,40,baseline,2025-12-20 07:23:56.926890
37343,2025-12-24,39,baseline,2025-12-20 07:23:56.926893
37343,2025-12-25,21,baseline,2025-12-20 07:23:56.926896
37343,2025-12-26,49,baseline,2025-12-20 07:23:56.926898
37343,2025-12-27,18,baseline,2025-12-20 07:23:56.926901
35594,2025-12-21,30,baseline,2025-12-20 07:23:56.926904
35594,2025-12-22,25,baseline,2025-12-20 07:23:56.926907
35594,2025-12-23,10,baseline,2025-12-20 07:23:56.926910
35594,2025-12-24,33,baseline,2025-12-20 07:23:56.926913
35594,2025-12-25,38,baseline,2025-12-20 07:23:56.926915
35594,2025-12-26,28,baseline,2025-12-20 07:23:56.926918
35594,2025-12-27,35,baseline,2025-12-20 07:23:56.926920
19923,2025-12-21,47,baseline,2025-12-20 07:23:56.926923
19923,2025-12-22,23,baseline,2025-12-20 07:23:56.926926
19923,2025-12-23,12,baseline,2025-12-20 07:23:56.926928
19923,2025-12-24,34,baseline,2025-12-20 07:23:56.926931
19923,2025-12-25,47,baseline,2025-12-20 07:23:56.926934
19923,2025-12-26,34,baseline,2025-12-20 07:23:56.926936
19923,2025-12-27,22,baseline,2025-12-20 07:23:56.926938
2211,2025-12-21,17,baseline,2025-12-20 07:23:56.926942
2211,2025-12-22,22,baseline,2025-12-20 07:23:56.926944
2211,2025-12-23,15,baseline,2025-12-20 07:23:56.926947
2211,2025-12-24,39,baseline,2025-12-20 07:23:56.926950
2211,2025-12-25,31,baseline,2025-12-20 07:23:56.926952
2211,2025-12-26,45,baseline,2025-12-20 07:23:56.926955
2211,2025-12-27,31,baseline,2025-12-20 07:23:56.926958
31493,2025-12-21,48,baseline,2025-12-20 07:23:56.926961
31493,2025-12-22,31,baseline,2025-12-20 07:23:56.926963
31493,2025-12-23,42,baseline,2025-12-20 07:23:56.926966
31493,2025-12-24,45,baseline,2025-12-20 07:23:56.926969
31493,2025-12-25,21,baseline,2025-12-20 07:23:56.926972
31493,2025-12-26,10,baseline,2025-12-20 07:23:56.926975
31493,2025-12-27,49,baseline,2025-12-20 07:23:56.926978
3932,2025-12-21,31,baseline,2025-12-20 07:23:56.926981
3932,2025-12-22,26,baseline,2025-12-20 07:23:56.926984
3932,2025-12-23,7,baseline,2025-12-20 07:23:56.926986
3932,2025-12-24,34,baseline,2025-12-20 07:23:56.926989
3932,2025-12-25,33,baseline,2025-12-20 07:23:56.926992
3932,2025-12-26,39,baseline,2025-12-20 07:23:56.926995
3932,2025-12-27,42,baseline,2025-12-20 07:23:56.926997
37161,2025-12-21,17,baseline,2025-12-20 07:23:56.927000
37161,2025-12-22,22,baseline,2025-12-20 07:23:56.927003
37161,2025-12-23,24,baseline,2025-12-20 07:23:56.927006
37161,2025-12-24,17,baseline,2025-12-20 07:23:56.927009
37161,2025-12-25,22,baseline,2025-12-20 07:23:56.927011
37161,2025-12-26,15,baseline,2025-12-20 07:23:56.927014
37161,2025-12-27,39,baseline,2025-12-20 07:23:56.927016
7095,2025-12-21,36,baseline,2025-12-20 07:23:56.927019
7095,2025-12-22,20,baseline,2025-12-20 07:23:56.927022
7095,2025-12-23,29,baseline,2025-12-20 07:23:56.927025
7095,2025-12-24,49,baseline,2025-12-20 07:23:56.927027
7095,2025-12-25,45,baseline,2025-12-20 07:23:56.927030
7095,2025-12-26,32,baseline,2025-12-20 07:23:56.927032
7095,2025-12-27,24,baseline,2025-12-20 07:23:56.927035
3594,2025-12-21,48,baseline,2025-12-20 07:23:56.927038
3594,2025-12-22,14,baseline,2025-12-20 07:23:56.927041
3594,2025-12-23,36,baseline,2025-12-20 07:23:56.927043
3594,2025-12-24,15,baseline,2025-12-20 07:23:56.927046
3594,2025-12-25,31,baseline,2025-12-20 07:23:56.927048
3594,2025-12-26,34,baseline,2025-12-20 07:23:56.927051
3594,2025-12-27,36,baseline,2025-12-20 07:23:56.927053
41233,2025-12-21,21,baseline,2025-12-20 07:23:56.927057
41233,2025-12-22,34,baseline,2025-12-20 07:23:56.927059
41233,2025-12-23,50,baseline,2025-12-20 07:23:56.927062
41233,2025-12-24,39,baseline,2025-12-20 07:23:56.927064
41233,2025-12-25,43,baseline,2025-12-20 07:23:56.927067
41233,2025-12-26,41,baseline,2025-12-20 07:23:56.927069
41233,2025-12-27,50,baseline,2025-12-20 07:23:56.927072
16913,2025-12-21,36,baseline,2025-12-20 07:23:56.927075
16913,2025-12-22,41,baseline,2025-12-20 07:23:56.927077
16913,2025-12-23,45,baseline,2025-12-20 07:23:56.927079
16913,2025-12-24,20,baseline,2025-12-20 07:23:56.927082
16913,2025-12-25,16,baseline,2025-12-20 07:23:56.927084
16913,2025-12-26,41,baseline,2025-12-20 07:23:56.927086
16913,2025-12-27,32,baseline,2025-12-20 07:23:56.927089
39365,2025-12-21,36,baseline,2025-12-20 07:23:56.927091
39365,2025-12-22,45,baseline,2025-12-20 07:23:56.927094
39365,2025-12-23,50,baseline,2025-12-20 07:23:56.927096
39365,2025-12-24,41,baseline,2025-12-20 07:23:56.927098
39365,2025-12-25,11,baseline,2025-12-20 07:23:56.927101
39365,2025-12-26,34,baseline,2025-12-20 07:23:56.927104
39365,2025-12-27,48,baseline,2025-12-20 07:23:56.927106
10982,2025-12-21,40,baseline,2025-12-20 07:23:56.927109
10982,2025-12-22,39,baseline,2025-12-20 07:23:56.927112
10982,2025-12-23,12,baseline,2025-12-20 07:23:56.927114
10982,2025-12-24,19,baseline,2025-12-20 07:23:56.927117
10982,2025-12-25,14,baseline,2025-12-20 07:23:56.927119
10982,2025-12-26,47,baseline,2025-12-20 07:23:56.927122
10982,2025-12-27,42,baseline,2025-12-20 07:23:56.927124
35976,2025-12-21,8,baseline,2025-12-20 07:23:56.927127
35976,2025-12-22,11,baseline,2025-12-20 07:23:56.927130
35976,2025-12-23,37,baseline,2025-12-20 07:23:56.927132
35976,2025-12-24,30,baseline,2025-12-20 07:23:56.927134
35976,2025-12-25,32,baseline,2025-12-20 07:23:56.927137
35976,2025-12-26,36,baseline,2025-12-20 07:23:56.927139
35976,2025-12-27,36,baseline,2025-12-20 07:23:56.927142
39370,2025-12-21,30,baseline,2025-12-20 07:23:56.927145
39370,2025-12-22,25,baseline,2025-12-20 07:23:56.927148
39370,2025-12-23,5,baseline,2025-12-20 07:23:56.927150
39370,2025-12-24,25,baseline,2025-12-20 07:23:56.927152
39370,2025-12-25,18,baseline,2025-12-20 07:23:56.927210
39370,2025-12-26,43,baseline,2025-12-20 07:23:56.927213
39370,2025-12-27,32,baseline,2025-12-20 07:23:56.927215
31235,2025-12-21,8,baseline,2025-12-20 07:23:56.927218
31235,2025-12-22,28,baseline,2025-12-20 07:23:56.927220
31235,2025-12-23,31,baseline,2025-12-20 07:23:56.927223
31235,2025-12-24,13,baseline,2025-12-20 07:23:56.927225
31235,2025-12-25,46,baseline,2025-12-20 07:23:56.927227
31235,2025-12-26,10,baseline,2025-12-20 07:23:56.927229
31235,2025-12-27,38,baseline,2025-12-20 07:23:56.927232
27873,2025-12-21,25,baseline,2025-12-20 07:23:56.927235
27873,2025-12-22,36,baseline,2025-12-20 07:23:56.927237
27873,2025-12-23,11,baseline,2025-12-20 07:23:56.927240
27873,2025-12-24,21,baseline,2025-12-20 07:23:56.927242
27873,2025-12-25,7,baseline,2025-12-20 07:23:56.927244
27873,2025-12-26,35,baseline,2025-12-20 07:23:56.927246
27873,2025-12-27,35,baseline,2025-12-20 07:23:56.927249
32901,2025-12-21,12,baseline,2025-12-20 07:23:56.927252
32901,2025-12-22,16,baseline,2025-12-20 07:23:56.927254
32901,2025-12-23,37,baseline,2025-12-20 07:23:56.927256
32901,2025-12-24,21,baseline,2025-12-20 07:23:56.927259
32901,2025-12-25,8,baseline,2025-12-20 07:23:56.927261
32901,2025-12-26,19,baseline,2025-12-20 07:23:56.927263
32901,2025-12-27,33,baseline,2025-12-20 07:23:56.927266
29869,2025-12-21,47,baseline,2025-12-20 07:23:56.927268
29869,2025-12-22,14,baseline,2025-12-20 07:23:56.927271
29869,2025-12-23,25,baseline,2025-12-20 07:23:56.927274
29869,2025-12-24,35,baseline,2025-12-20 07:23:56.927277
29869,2025-12-25,40,baseline,2025-12-20 07:23:56.927280
29869,2025-12-26,38,baseline,2025-12-20 07:23:56.927282
29869,2025-12-27,44,baseline,2025-12-20 07:23:56.927285
5046,2025-12-21,43,baseline,2025-12-20 07:23:56.927288
5046,2025-12-22,50,baseline,2025-12-20 07:23:56.927690
5046,2025-12-23,15,baseline,2025-12-20 07:23:56.927694
5046,2025-12-24,12,baseline,2025-12-20 07:23:56.927696
5046,2025-12-25,19,baseline,2025-12-20 07:23:56.927698
5046,2025-12-26,5,baseline,2025-12-20 07:23:56.927701
5046,2025-12-27,44,baseline,2025-12-20 07:23:56.927703
2323,2025-12-21,47,baseline,2025-12-20 07:23:56.927707
2323,2025-12-22,50,baseline,2025-12-20 07:23:56.927709
2323,2025-12-23,22,baseline,2025-12-20 07:23:56.927712
2323,2025-12-24,7,baseline,2025-12-20 07:23:56.927714
2323,2025-12-25,38,baseline,2025-12-20 07:23:56.927717
2323,2025-12-26,31,baseline,2025-12-20 07:23:56.927719
2323,2025-12-27,46,baseline,2025-12-20 07:23:56.927721
42970,2025-12-21,45,baseline,2025-12-20 07:23:56.927724
42970,2025-12-22,39,baseline,2025-12-20 07:23:56.927726
42970,2025-12-23,38,baseline,2025-12-20 07:23:56.927729
42970,2025-12-24,47,baseline,2025-12-20 07:23:56.927731
42970,2025-12-25,19,baseline,2025-12-20 07:23:56.927734
42970,2025-12-26,29,baseline,2025-12-20 07:23:56.927736
42970,2025-12-27,42,baseline,2025-12-20 07:23:56.927739
2768,2025-12-21,30,baseline,2025-12-20 07:23:56.927742
2768,2025-12-22,11,baseline,2025-12-20 07:23:56.927744
2768,2025-12-23,24,baseline,2025-12-20 07:23:56.927747
2768,2025-12-24,32,baseline,2025-12-20 07:23:56.927749
2768,2025-12-25,8,baseline,2025-12-20 07:23:56.927751
2768,2025-12-26,10,baseline,2025-12-20 07:23:56.927755
2768,2025-12-27,15,baseline,2025-12-20 07:23:56.927757
48727,2025-12-21,11,baseline,2025-12-20 07:23:56.927760
48727,2025-12-22,32,baseline,2025-12-20 07:23:56.927763
48727,2025-12-23,17,baseline,2025-12-20 07:23:56.927765
48727,2025-12-24,49,baseline,2025-12-20 07:23:56.927767
48727,2025-12-25,17,baseline,2025-12-20 07:23:56.927770
48727,2025-12-26,27,baseline,2025-12-20 07:23:56.927772
48727,2025-12-27,20,baseline,2025-12-20 07:23:56.927774
20443,2025-12-21,10,baseline,2025-12-20 07:23:56.927777
20443,2025-12-22,8,baseline,2025-12-20 07:23:56.927780
20443,2025-12-23,23,baseline,2025-12-20 07:23:56.927782
20443,2025-12-24,47,baseline,2025-12-20 07:23:56.927785
20443,2025-12-25,14,baseline,2025-12-20 07:23:56.927787
20443,2025-12-26,41,baseline,2025-12-20 07:23:56.927789
20443,2025-12-27,42,baseline,2025-12-20 07:23:56.927791
45355,2025-12-21,45,baseline,2025-12-20 07:23:56.927794
45355,2025-12-22,34,baseline,2025-12-20 07:23:56.927796
45355,2025-12-23,16,baseline,2025-12-20 07:23:56.927801
45355,2025-12-24,29,baseline,2025-12-20 07:23:56.927803
45355,2025-12-25,8,baseline,2025-12-20 07:23:56.927805
45355,2025-12-26,17,baseline,2025-12-20 07:23:56.927808
45355,2025-12-27,25,baseline,2025-12-20 07:23:56.927810
31966,2025-12-21,48,baseline,2025-12-20 07:23:56.927813
31966,2025-12-22,39,baseline,2025-12-20 07:23:56.927815
31966,2025-12-23,45,baseline,2025-12-20 07:23:56.927817
31966,2025-12-24,33,baseline,2025-12-20 07:23:56.927820
31966,2025-12-25,40,baseline,2025-12-20 07:23:56.927822
31966,2025-12-26,24,baseline,2025-12-20 07:23:56.927824
31966,2025-12-27,36,baseline,2025-12-20 07:23:56.927827
41380,2025-12-21,38,baseline,2025-12-20 07:23:56.927830
41380,2025-12-22,42,baseline,2025-12-20 07:23:56.927832
41380,2025-12-23,19,baseline,2025-12-20 07:23:56.927834
41380,2025-12-24,35,baseline,2025-12-20 07:23:56.927837
41380,2025-12-25,34,baseline,2025-12-20 07:23:56.927839
41380,2025-12-26,50,baseline,2025-12-20 07:23:56.927841
41380,2025-12-27,14,baseline,2025-12-20 07:23:56.927844
43281,2025-12-21,35,baseline,2025-12-20 07:23:56.927847
43281,2025-12-22,17,baseline,2025-12-20 07:23:56.927849
43281,2025-12-23,30,baseline,2025-12-20 07:23:56.927851
43281,2025-12-24,45,baseline,2025-12-20 07:23:56.927853
43281,2025-12-25,49,baseline,2025-12-20 07:23:56.927856
43281,2025-12-26,31,baseline,2025-12-20 07:23:56.927858
43281,2025-12-27,47,baseline,2025-12-20 07:23:56.927860
15171,2025-12-21,22,baseline,2025-12-20 07:23:56.927863
15171,2025-12-22,24,baseline,2025-12-20 07:23:56.927866
15171,2025-12-23,7,baseline,2025-12-20 07:23:56.927868
15171,2025-12-24,45,baseline,2025-12-20 07:23:56.927870
15171,2025-12-25,39,baseline,2025-12-20 07:23:56.927873
15171,2025-12-26,47,baseline,2025-12-20 07:23:56.927875
15171,2025-12-27,27,baseline,2025-12-20 07:23:56.927878
9721,2025-12-21,5,baseline,2025-12-20 07:23:56.927881
9721,2025-12-22,33,baseline,2025-12-20 07:23:56.927883
9721,2025-12-23,29,baseline,2025-12-20 07:23:56.927886
9721,2025-12-24,39,baseline,2025-12-20 07:23:56.927888
9721,2025-12-25,37,baseline,2025-12-20 07:23:56.927890
9721,2025-12-26,36,baseline,2025-12-20 07:23:56.927893
9721,2025-12-27,11,baseline,2025-12-20 07:23:56.927896
28158,2025-12-21,36,baseline,2025-12-20 07:23:56.927903
28158,2025-12-22,14,baseline,2025-12-20 07:23:56.927906
28158,2025-12-23,31,baseline,2025-12-20 07:23:56.927909
28158,2025-12-24,44,baseline,2025-12-20 07:23:56.927911
28158,2025-12-25,44,baseline,2025-12-20 07:23:56.927913
28158,2025-12-26,24,baseline,2025-12-20 07:23:56.927916
28158,2025-12-27,19,baseline,2025-12-20 07:23:56.927919
21927,2025-12-21,37,baseline,2025-12-20 07:23:56.927922
21927,2025-12-22,23,baseline,2025-12-20 07:23:56.927924
21927,2025-12-23,29,baseline,2025-12-20 07:23:56.927927
21927,2025-12-24,48,baseline,2025-12-20 07:23:56.927929
21927,2025-12-25,31,baseline,2025-12-20 07:23:56.927932
21927,2025-12-26,47,baseline,2025-12-20 07:23:56.927934
21927,2025-12-27,42,baseline,2025-12-20 07:23:56.927936
16064,2025-12-21,22,baseline,2025-12-20 07:23:56.927939
16064,2025-12-22,18,baseline,2025-12-20 07:23:56.927942
16064,2025-12-23,24,baseline,2025-12-20 07:23:56.927946
16064,2025-12-24,17,baseline,2025-12-20 07:23:56.927948
16064,2025-12-25,24,baseline,2025-12-20 07:23:56.927950
16064,2025-12-26,28,baseline,2025-12-20 07:23:56.927953
16064,2025-12-27,39,baseline,2025-12-20 07:23:56.927955
34864,2025-12-21,20,baseline,2025-12-20 07:23:56.927958
34864,2025-12-22,9,baseline,2025-12-20 07:23:56.927960
34864,2025-12-23,37,baseline,2025-12-20 07:23:56.927962
34864,2025-12-24,18,baseline,2025-12-20 07:23:56.927965
34864,2025-12-25,11,baseline,2025-12-20 07:23:56.927967
34864,2025-12-26,38,baseline,2025-12-20 07:23:56.927969
34864,2025-12-27,12,baseline,2025-12-20 07:23:56.927972
48383,2025-12-21,36,baseline,2025-12-20 07:23:56.927975
48383,2025-12-22,24,baseline,2025-12-20 07:23:56.927977
48383,2025-12-23,48,baseline,2025-12-20 07:23:56.927979
48383,2025-12-24,11,baseline,2025-12-20 07:23:56.927981
48383,2025-12-25,25,baseline,2025-12-20 07:23:56.927984
48383,2025-12-26,19,baseline,2025-12-20 07:23:56.927986
48383,2025-12-27,23,baseline,2025-12-20 07:23:56.927989
20636,2025-12-21,25,baseline,2025-12-20 07:23:56.927992
20636,2025-12-22,31,baseline,2025-12-20 07:23:56.927994
20636,2025-12-23,20,baseline,2025-12-20 07:23:56.927996
20636,2025-12-24,13,baseline,2025-12-20 07:23:56.927999
20636,2025-12-25,17,baseline,2025-12-20 07:23:56.928001
20636,2025-12-26,14,baseline,2025-12-20 07:23:56.928004
20636,2025-12-27,10,baseline,2025-12-20 07:23:56.928006
6180,2025-12-21,24,baseline,2025-12-20 07:23:56.928010
6180,2025-12-22,50,baseline,2025-12-20 07:23:56.928012
6180,2025-12-23,28,baseline,2025-12-20 07:23:56.928014
6180,2025-12-24,35,baseline,2025-12-20 07:23:56.928017
6180,2025-12-25,38,baseline,2025-12-20 07:23:56.928019
6180,2025-12-26,41,baseline,2025-12-20 07:23:56.928021
6180,2025-12-27,14,baseline,2025-12-20 07:23:56.928024
42636,2025-12-21,24,baseline,2025-12-20 07:23:56.928026
42636,2025-12-22,47,baseline,2025-12-20 07:23:56.928029
42636,2025-12-23,26,baseline,2025-12-20 07:23:56.928031
42636,2025-12-24,7,baseline,2025-12-20 07:23:56.928033
42636,2025-12-25,20,baseline,2025-12-20 07:23:56.928036
42636,2025-12-26,47,baseline,2025-12-20 07:23:56.928038
42636,2025-12-27,8,baseline,2025-12-20 07:23:56.928040
45816,2025-12-21,47,baseline,2025-12-20 07:23:56.928043
45816,2025-12-22,43,baseline,2025-12-20 07:23:56.928046
45816,2025-12-23,8,baseline,2025-12-20 07:23:56.928048
45816,2025-12-24,26,baseline,2025-12-20 07:23:56.928050
45816,2025-12-25,15,baseline,2025-12-20 07:23:56.928053
45816,2025-12-26,27,baseline,2025-12-20 07:23:56.928055
45816,2025-12-27,11,baseline,2025-12-20 07:23:56.928057
31873,2025-12-21,48,baseline,2025-12-20 07:23:56.928060
31873,2025-12-22,36,baseline,2025-12-20 07:23:56.928063
31873,2025-12-23,9,baseline,2025-12-20 07:23:56.928065
31873,2025-12-24,42,baseline,2025-12-20 07:23:56.928068
31873,2025-12-25,13,baseline,2025-12-20 07:23:56.928070
31873,2025-12-26,17,baseline,2025-12-20 07:23:56.928073
31873,2025-12-27,40,baseline,2025-12-20 07:23:56.928075
7991,2025-12-21,26,baseline,2025-12-20 07:23:56.928078
7991,2025-12-22,22,baseline,2025-12-20 07:23:56.928081
7991,2025-12-23,40,baseline,2025-12-20 07:23:56.928083
7991,2025-12-24,8,baseline,2025-12-20 07:23:56.928086
7991,2025-12-25,36,baseline,2025-12-20 07:23:56.928088
7991,2025-12-26,16,baseline,2025-12-20 07:23:56.928091
7991,2025-12-27,34,baseline,2025-12-20 07:23:56.928093
38531,2025-12-21,44,baseline,2025-12-20 07:23:56.928096
38531,2025-12-22,36,baseline,2025-12-20 07:23:56.928098
38531,2025-12-23,45,baseline,2025-12-20 07:23:56.928101
38531,2025-12-24,36,baseline,2025-12-20 07:23:56.928103
38531,2025-12-25,44,baseline,2025-12-20 07:23:56.928106
38531,2025-12-26,38,baseline,2025-12-20 07:23:56.928108
38531,2025-12-27,29,baseline,2025-12-20 07:23:56.928110
6577,2025-12-21,13,baseline,2025-12-20 07:23:56.928113
6577,2025-12-22,7,baseline,2025-12-20 07:23:56.928115
6577,2025-12-23,45,baseline,2025-12-20 07:23:56.928118
6577,2025-12-24,44,baseline,2025-12-20 07:23:56.928120
6577,2025-12-25,10,baseline,2025-12-20 07:23:56.928123
6577,2025-12-26,28,baseline,2025-12-20 07:23:56.928125
6577,2025-12-27,30,baseline,2025-12-20 07:23:56.928127
31250,2025-12-21,38,baseline,2025-12-20 07:23:56.928130
31250,2025-12-22,25,baseline,2025-12-20 07:23:56.928133
31250,2025-12-23,6,baseline,2025-12-20 07:23:56.928135
31250,2025-12-24,35,baseline,2025-12-20 07:23:56.928137
31250,2025-12-25,7,baseline,2025-12-20 07:23:56.928139
31250,2025-12-26,38,baseline,2025-12-20 07:23:56.928142
31250,2025-12-27,37,baseline,2025-12-20 07:23:56.928144
10521,2025-12-21,34,baseline,2025-12-20 07:23:56.928147
10521,2025-12-22,36,baseline,2025-12-20 07:23:56.928149
10521,2025-12-23,15,baseline,2025-12-20 07:23:56.928152
10521,2025-12-24,6,baseline,2025-12-20 07:23:56.928154
10521,2025-12-25,46,baseline,2025-12-20 07:23:56.928157
10521,2025-12-26,37,baseline,2025-12-20 07:23:56.928159
10521,2025-12-27,39,baseline,2025-12-20 07:23:56.928162
44203,2025-12-21,34,baseline,2025-12-20 07:23:56.928164
44203,2025-12-22,31,baseline,2025-12-20 07:23:56.928167
44203,2025-12-23,11,baseline,2025-12-20 07:23:56.928169
44203,2025-12-24,14,baseline,2025-12-20 07:23:56.928172
44203,2025-12-25,49,baseline,2025-12-20 07:23:56.928174
44203,2025-12-26,12,baseline,2025-12-20 07:23:56.928176
44203,2025-12-27,29,baseline,2025-12-20 07:23:56.928178
6949,2025-12-21,29,baseline,2025-12-20 07:23:56.928182
6949,2025-12-22,27,baseline,2025-12-20 07:23:56.928184
6949,2025-12-23,21,baseline,2025-12-20 07:23:56.928186
6949,2025-12-24,33,baseline,2025-12-20 07:23:56.928188
6949,2025-12-25,9,baseline,2025-12-20 07:23:56.928191
6949,2025-12-26,33,baseline,2025-12-20 07:23:56.928193
6949,2025-12-27,46,baseline,2025-12-20 07:23:56.928195
4829,2025-12-21,44,baseline,2025-12-20 07:23:56.928198
4829,2025-12-22,14,baseline,2025-12-20 07:23:56.928201
4829,2025-12-23,31,baseline,2025-12-20 07:23:56.928203
4829,2025-12-24,42,baseline,2025-12-20 07:23:56.928206
4829,2025-12-25,30,baseline,2025-12-20 07:23:56.928208
4829,2025-12-26,49,baseline,2025-12-20 07:23:56.928210
4829,2025-12-27,7,baseline,2025-12-20 07:23:56.928213
36362,2025-12-21,34,baseline,2025-12-20 07:23:56.928215
36362,2025-12-22,41,baseline,2025-12-20 07:23:56.928218
36362,2025-12-23,34,baseline,2025-12-20 07:23:56.928221
36362,2025-12-24,18,baseline,2025-12-20 07:23:56.928223
36362,2025-12-25,21,baseline,2025-12-20 07:23:56.928225
36362,2025-12-26,35,baseline,2025-12-20 07:23:56.928240
36362,2025-12-27,12,baseline,2025-12-20 07:23:56.928243
4470,2025-12-21,19,baseline,2025-12-20 07:23:56.928245
4470,2025-12-22,31,baseline,2025-12-20 07:23:56.928249
4470,2025-12-23,49,baseline,2025-12-20 07:23:56.928251
4470,2025-12-24,20,baseline,2025-12-20 07:23:56.928253
4470,2025-12-25,38,baseline,2025-12-20 07:23:56.928256
4470,2025-12-26,15,baseline,2025-12-20 07:23:56.928258
4470,2025-12-27,45,baseline,2025-12-20 07:23:56.928260
11800,2025-12-21,30,baseline,2025-12-20 07:23:56.928263
11800,2025-12-22,38,baseline,2025-12-20 07:23:56.928266
11800,2025-12-23,27,baseline,2025-12-20 07:23:56.928268
11800,2025-12-24,45,baseline,2025-12-20 07:23:56.928270
11800,2025-12-25,17,baseline,2025-12-20 07:23:56.928273
11800,2025-12-26,49,baseline,2025-12-20 07:23:56.928275
11800,2025-12-27,18,baseline,2025-12-20 07:23:56.928278
315,2025-12-21,50,baseline,2025-12-20 07:23:56.928280
315,2025-12-22,40,baseline,2025-12-20 07:23:56.928283
315,2025-12-23,5,baseline,2025-12-20 07:23:56.928285
315,2025-12-24,50,baseline,2025-12-20 07:23:56.928287
315,2025-12-25,26,baseline,2025-12-20 07:23:56.928290
315,2025-12-26,45,baseline,2025-12-20 07:23:56.928294
315,2025-12-27,21,baseline,2025-12-20 07:23:56.928296
20677,2025-12-21,47,baseline,2025-12-20 07:23:56.928299
20677,2025-12-22,33,baseline,2025-12-20 07:23:56.928302
20677,2025-12-23,44,baseline,2025-12-20 07:23:56.928304
20677,2025-12-24,12,baseline,2025-12-20 07:23:56.928306
20677,2025-12-25,29,baseline,2025-12-20 07:23:56.928309
20677,2025-12-26,45,baseline,2025-12-20 07:23:56.928311
20677,2025-12-27,37,baseline,2025-12-20 07:23:56.928314
18393,2025-12-21,21,baseline,2025-12-20 07:23:56.928317
18393,2025-12-22,41,baseline,2025-12-20 07:23:56.928319
18393,2025-12-23,9,baseline,2025-12-20 07:23:56.928321
18393,2025-12-24,38,baseline,2025-12-20 07:23:56.928324
18393,2025-12-25,34,baseline,2025-12-20 07:23:56.928326
18393,2025-12-26,13,baseline,2025-12-20 07:23:56.928329
18393,2025-12-27,40,baseline,2025-12-20 07:23:56.928331
31317,2025-12-21,47,baseline,2025-12-20 07:23:56.928334
31317,2025-12-22,9,baseline,2025-12-20 07:23:56.928337
31317,2025-12-23,11,baseline,2025-12-20 07:23:56.928339
31317,2025-12-24,23,baseline,2025-12-20 07:23:56.928341
31317,2025-12-25,20,baseline,2025-12-20 07:23:56.928344
31317,2025-12-26,22,baseline,2025-12-20 07:23:56.928346
31317,2025-12-27,28,baseline,2025-12-20 07:23:56.928349
19892,2025-12-21,44,baseline,2025-12-20 07:23:56.928352
19892,2025-12-22,29,baseline,2025-12-20 07:23:56.928354
19892,2025-12-23,7,baseline,2025-12-20 07:23:56.928357
19892,2025-12-24,28,baseline,2025-12-20 07:23:56.928359
19892,2025-12-25,6,baseline,2025-12-20 07:23:56.928361
19892,2025-12-26,38,baseline,2025-12-20 07:23:56.928363
19892,2025-12-27,34,baseline,2025-12-20 07:23:56.928366
18628,2025-12-21,14,baseline,2025-12-20 07:23:56.928369
18628,2025-12-22,30,baseline,2025-12-20 07:23:56.928371
18628,2025-12-23,27,baseline,2025-12-20 07:23:56.928373
18628,2025-12-24,47,baseline,2025-12-20 07:23:56.928376
18628,2025-12-25,37,baseline,2025-12-20 07:23:56.928378
18628,2025-12-26,34,baseline,2025-12-20 07:23:56.928380
18628,2025-12-27,42,baseline,2025-12-20 07:23:56.928383
5583,2025-12-21,8,baseline,2025-12-20 07:23:56.928386
5583,2025-12-22,43,baseline,2025-12-20 07:23:56.928388
5583,2025-12-23,17,baseline,2025-12-20 07:23:56.928390
5583,2025-12-24,21,baseline,2025-12-20 07:23:56.928393
5583,2025-12-25,30,baseline,2025-12-20 07:23:56.928395
5583,2025-12-26,20,baseline,2025-12-20 07:23:56.928398
5583,2025-12-27,26,baseline,2025-12-20 07:23:56.928400
34747,2025-12-21,11,baseline,2025-12-20 07:23:56.928403
34747,2025-12-22,24,baseline,2025-12-20 07:23:56.928405
34747,2025-12-23,45,baseline,2025-12-20 07:23:56.928408
34747,2025-12-24,35,baseline,2025-12-20 07:23:56.928411
34747,2025-12-25,16,baseline,2025-12-20 07:23:56.928413
34747,2025-12-26,30,baseline,2025-12-20 07:23:56.928416
34747,2025-12-27,37,baseline,2025-12-20 07:23:56.928418
35087,2025-12-21,27,baseline,2025-12-20 07:23:56.928421
35087,2025-12-22,33,baseline,2025-12-20 07:23:56.928423
35087,2025-12-23,43,baseline,2025-12-20 07:23:56.928425
35087,2025-12-24,45,baseline,2025-12-20 07:23:56.928428
35087,2025-12-25,37,baseline,2025-12-20 07:23:56.928430
35087,2025-12-26,9,baseline,2025-12-20 07:23:56.928433
35087,2025-12-27,45,baseline,2025-12-20 07:23:56.928435
18766,2025-12-21,39,baseline,2025-12-20 07:23:56.928438
18766,2025-12-22,24,baseline,2025-12-20 07:23:56.928440
18766,2025-12-23,23,baseline,2025-12-20 07:23:56.928443
18766,2025-12-24,42,baseline,2025-12-20 07:23:56.928445
18766,2025-12-25,41,baseline,2025-12-20 07:23:56.928447
18766,2025-12-26,41,baseline,2025-12-20 07:23:56.928450
18766,2025-12-27,44,baseline,2025-12-20 07:23:56.928452
32343,2025-12-21,32,baseline,2025-12-20 07:23:56.928455
32343,2025-12-22,41,baseline,2025-12-20 07:23:56.928458
32343,2025-12-23,32,baseline,2025-12-20 07:23:56.928460
32343,2025-12-24,30,baseline,2025-12-20 07:23:56.928462
32343,2025-12-25,34,baseline,2025-12-20 07:23:56.928465
32343,2025-12-26,17,baseline,2025-12-20 07:23:56.928467
32343,2025-12-27,7,baseline,2025-12-20 07:23:56.928469
38625,2025-12-21,45,baseline,2025-12-20 07:23:56.928472
38625,2025-12-22,5,baseline,2025-12-20 07:23:56.928474
38625,2025-12-23,48,baseline,2025-12-20 07:23:56.928477
38625,2025-12-24,30,baseline,2025-12-20 07:23:56.928479
38625,2025-12-25,6,baseline,2025-12-20 07:23:56.928481
38625,2025-12-26,50,baseline,2025-12-20 07:23:56.928484
38625,2025-12-27,5,baseline,2025-12-20 07:23:56.928487
7599,2025-12-21,7,baseline,2025-12-20 07:23:56.928489
7599,2025-12-22,34,baseline,2025-12-20 07:23:56.928493
7599,2025-12-23,40,baseline,2025-12-20 07:23:56.928495
7599,2025-12-24,30,baseline,2025-12-20 07:23:56.928497
7599,2025-12-25,47,baseline,2025-12-20 07:23:56.928500
7599,2025-12-26,26,baseline,2025-12-20 07:23:56.928502
7599,2025-12-27,16,baseline,2025-12-20 07:23:56.928504
4730,2025-12-21,49,baseline,2025-12-20 07:23:56.928507
4730,2025-12-22,40,baseline,2025-12-20 07:23:56.928510
4730,2025-12-23,21,baseline,2025-12-20 07:23:56.928512
4730,2025-12-24,39,baseline,2025-12-20 07:23:56.928515
4730,2025-12-25,29,baseline,2025-12-20 07:23:56.928517
4730,2025-12-26,8,baseline,2025-12-20 07:23:56.928519
4730,2025-12-27,13,baseline,2025-12-20 07:23:56.928522
29960,2025-12-21,16,baseline,2025-12-20 07:23:56.928525
29960,2025-12-22,20,baseline,2025-12-20 07:23:56.928527
29960,2025-12-23,43,baseline,2025-12-20 07:23:56.928530
29960,2025-12-24,20,baseline,2025-12-20 07:23:56.928532
29960,2025-12-25,50,baseline,2025-12-20 07:23:56.928535
29960,2025-12-26,49,baseline,2025-12-20 07:23:56.928537
29960,2025-12-27,17,baseline,2025-12-20 07:23:56.928540
7515,2025-12-21,23,baseline,2025-12-20 07:23:56.928543
7515,2025-12-22,40,baseline,2025-12-20 07:23:56.928545
7515,2025-12-23,13,baseline,2025-12-20 07:23:56.928548
7515,2025-12-24,32,baseline,2025-12-20 07:23:56.928550
7515,2025-12-25,33,baseline,2025-12-20 07:23:56.928552
7515,2025-12-26,47,baseline,2025-12-20 07:23:56.928555
7515,2025-12-27,7,baseline,2025-12-20 07:23:56.928557
